<beans xmlns="http://www.springframework.org/schema/beans"
	xmlns:xsi="http://www.w3.org/2001/XMLSchema-instance" xmlns:p="http://www.springframework.org/schema/p"
	xmlns:aop="http://www.springframework.org/schema/aop" xmlns:context="http://www.springframework.org/schema/context"
	xmlns:jee="http://www.springframework.org/schema/jee" xmlns:tx="http://www.springframework.org/schema/tx"
	xmlns:task="http://www.springframework.org/schema/task"
	xsi:schemaLocation="http://www.springframework.org/schema/aop http://www.springframework.org/schema/aop/spring-aop-3.2.xsd http://www.springframework.org/schema/beans http://www.springframework.org/schema/beans/spring-beans-3.2.xsd http://www.springframework.org/schema/context http://www.springframework.org/schema/context/spring-context-3.2.xsd http://www.springframework.org/schema/jee http://www.springframework.org/schema/jee/spring-jee-3.2.xsd http://www.springframework.org/schema/tx http://www.springframework.org/schema/tx/spring-tx-3.2.xsd http://www.springframework.org/schema/task http://www.springframework.org/schema/task/spring-task-3.2.xsd">
 
 <!-- Defined three beans for GroceriesShop -->
	
	<bean id="GopalStore" class="com.cognizant.training.GroceriesShop"  />
	
	<bean id="AnandaStore" class="com.cognizant.training.GroceriesShop"  />
	
	<bean id="Nilgres" class="com.cognizant.training.GroceriesShop"  />
	
	
	<!-- Defined three beans for VegetableShop -->
	<bean id="MuruganVegetableMart" class="com.cognizant.training.VegetableShop"/>
	<bean id="VenuVegetables" class="com.cognizant.training.VegetableShop"/>
	<bean id="JKVegetableShop" class="com.cognizant.training.VegetableShop"/>
	
	
	<!-- Defined three beans for DelivaryBoy -->
	<bean id="Kumar" class="com.cognizant.training.DelivaryBoy" >
	
	<property name="name"  value="Kumar" />
	</bean>
	
 
 	<bean id="Ravi" class="com.cognizant.training.DelivaryBoy"  >
 	
 	<property name="name"  value="Ravi" />
	</bean>
 
 	<bean id="Kishore" class="com.cognizant.training.DelivaryBoy" > 	
 	<property name="name"  value="Kishore" />
	</bean>
 
	<bean id="saravanabhavan" class="com.cognizant.training.Restaurant">	
		
	<property name="groceries"  >
	
	<list>
            <ref bean = "GopalStore"/>
            <ref bean = "AnandaStore"/>
            <ref bean = "Nilgres"/>
            
         </list>
	
	</property>
	
	<property name="vegetableshops"   >
	
	<set>
            <ref bean = "MuruganVegetableMart"/>
            <ref bean = "VenuVegetables"/>
            <ref bean = "JKVegetableShop"/>
     </set>
     </property>
         
	
	<property name = "delivaryBoysMap">
         <map>
            <entry key = "1" value-ref = "Kumar"/>
            <entry key = "2" value-ref = "Ravi"/>
            <entry key = "3" value-ref = "Kishore"/>
            
         </map>
      </property>	
	
			
	</bean>
	
	
	
</beans>